Country,Gold-2012,Silver-2012,Bronze-2012,Total-2012,Gold-2008,Silver-2008,Bronze-2008,Total-2008,Gold-2016,Silver-2016,Bronze-2016,Total-2016,Gold-2004,Silver-2004,Bronze-2004,Total-2004,GDP-2004,GDP-2008,GDP-2012,GDP-2016,Pop-2004,Pop-2008,Pop-2012,Pop-2016
Iqana,24,5,0,29,12,1,3,16,10,0,1,11,9,12,9,30,78815,85086,41202,32830,158881369.0,316346439.0,316346439.0,778144605.0
Great Britain,2,2,6,10,7,0,1,8,1,0,1,2,1,6,4,11,72555,97151,77941,40087,229709982.0,842239152.0,842239152.0,503601731.0
Chinese Taipei,6,6,24,36,3,31,7,41,19,8,4,31,8,10,11,29,41512,47599,59785,76220,28271998.0,964130599.0,964130599.0,125171779.0
Laumar,7,19,0,26,3,26,1,30,5,6,4,15,7,11,1,19,19915,63767,88410,19517,26255395.0,216079156.0,216079156.0,807187774.0
Tishengstan,0,27,2,29,15,9,7,31,11,22,4,37,27,6,16,49,51494,60434,85343,28826,800966967.0,635008274.0,635008274.0,251300190.0
Cothothekingbia,1,3,11,15,32,8,3,43,8,16,2,26,11,0,3,14,51157,26949,51451,44745,640399575.0,75244237.0,75244237.0,406782545.0
Sausouth Bourgpia,11,2,2,15,7,20,20,47,5,5,37,47,13,8,3,24,71241,33891,76704,12799,243564610.0,690678084.0,690678084.0,756192552.0
Southchi Nerunnti,2,0,3,5,0,0,1,1,11,21,13,45,13,19,5,37,28298,62468,18285,49654,356815609.0,512553671.0,512553671.0,500695142.0
Soviet,5,5,7,17,5,1,5,11,28,1,1,30,14,1,1,16,35779,2932,47361,5881,166799607.0,731409534.0,731409534.0,193845339.0
United Bisda,12,4,0,16,42,1,0,43,10,19,19,48,0,1,3,4,42346,91845,94418,9312,481782056.0,604324103.0,604324103.0,868885842.0
Rire Georca,23,6,8,37,42,1,4,47,1,0,2,3,5,3,25,33,33298,10673,35536,80641,931027527.0,15772232.0,15772232.0,66888199.0
Siakibu,15,0,3,18,22,2,4,28,20,18,10,48,16,5,8,29,88385,53261,38528,87328,442216570.0,822481924.0,822481924.0,919439504.0
Bona Mayenmyanbu,0,0,5,5,20,5,1,26,0,5,20,25,41,3,3,47,70317,78728,74712,76147,217530187.0,736012957.0,736012957.0,962896924.0
Virocmi,13,5,1,19,6,9,4,19,37,1,4,42,3,15,2,20,33171,38243,61784,35833,475166253.0,983287509.0,983287509.0,723542724.0
Ghalima,30,5,3,38,4,3,3,10,24,12,1,37,36,6,2,44,59847,52081,65859,33095,557114379.0,159485508.0,159485508.0,310780492.0
Rislands Maniteddor,14,0,2,16,3,12,1,16,1,1,0,2,2,3,4,9,46413,25380,7609,5295,917054762.0,237540482.0,237540482.0,483402229.0
Canre Spainguido,8,1,2,11,11,3,0,14,23,8,1,32,7,0,5,12,89618,60931,69664,27386,335965740.0,274414077.0,274414077.0,503706379.0
Ribritish Cayre,3,6,11,20,23,3,0,26,1,9,29,39,12,1,0,13,56525,10742,74806,20256,263253441.0,128349843.0,128349843.0,30487933.0
South Annia Phinai,0,10,7,17,0,6,1,7,34,8,2,44,3,2,2,7,85606,54744,98626,50629,689564477.0,739893778.0,739893778.0,280889313.0
Mami Landstrado,2,14,13,29,6,16,4,26,8,1,1,10,0,0,2,2,84364,6621,36479,18472,12683502.0,311658066.0,311658066.0,823172017.0
Frenchvager,44,1,0,45,8,7,22,37,23,1,2,26,6,12,24,42,28708,44397,20425,36554,221614659.0,359355132.0,359355132.0,413588863.0
Pucean,6,2,5,13,0,5,12,17,24,2,0,26,2,23,3,28,26249,51009,16999,56050,879986053.0,901262416.0,901262416.0,410529331.0
Riblicstantzerla,5,0,3,8,5,28,2,35,0,0,1,1,2,23,6,31,78868,13601,92993,25863,,,,
Statesgan,9,1,3,13,21,2,13,36,14,1,13,28,11,0,18,29,44027,84087,78206,45912,,,,
Hustinenornti,24,6,2,32,9,7,27,43,6,37,2,45,5,16,12,33,41315,90158,86447,77106,,,,
Spaineastdian,27,0,4,31,7,1,1,9,4,23,4,31,24,18,0,42,41653,22961,45596,52061,,,,
Quado Kithernna,5,2,0,7,21,1,1,23,10,8,5,23,5,1,35,41,4887,98997,82301,46965,,,,
Reri Mulatius,14,6,12,32,1,0,1,2,13,1,1,15,28,14,7,49,4278,3173,75636,42029,,,,
Soland Macroawan,0,13,8,21,33,0,13,46,20,15,10,45,20,3,1,24,70006,55879,55352,54009,,,,
Stancia,1,2,46,49,12,1,14,27,11,11,2,24,1,0,2,3,23575,32396,12872,28525,,,,
Zerne Ninor,0,0,1,1,4,12,0,16,12,0,17,29,27,9,12,48,60192,91628,41231,49485,,,,
Moma Suleone,8,1,1,10,23,5,22,50,3,3,10,16,19,20,8,47,50156,59667,61147,77133,,,,
New Ncipearpaseyria,20,13,1,34,16,1,1,18,0,13,8,21,6,29,11,46,18481,48016,40511,99906,,,,
Walesrini Territories,25,5,2,32,5,0,20,25,1,5,0,6,5,10,13,28,64911,97912,84727,78752,,,,
Newshallsland,20,5,0,25,13,1,3,17,20,10,2,32,14,1,0,15,41612,26146,43286,49816,,,,
Inorthtu,12,2,2,16,24,0,4,28,5,0,6,11,5,7,22,34,14609,32947,53161,70095,,,,
Niancenti,22,6,5,33,23,1,12,36,1,15,7,23,5,2,18,25,52973,23100,3396,39893,,,,
Cuba,1,3,0,4,6,12,6,24,2,0,2,4,4,12,6,22,3399,5386,6448,7657,,,,
North Korea,1,3,30,34,28,5,1,34,26,1,6,33,8,22,2,32,473,551,643,642,,,,
